variable,keep,is_demographic,question,2010,2012,2014,2016,2018,2020,2022,restriction,greaterthan3,2010-label,2012-label,2014-label,2016-label,2018-label,2020-label,2022-label
gender,1,1.0,您的性别是男性吗？,1.0,1.0,1.0,1.0,1.0,1.0,1.0,7.0,1.0,gender,cfps2012_gender_best,cfps_gender,cfps_gender,gender,gender,gender
hukou,1,1.0,您的户口是非农户口吗？,1.0,1.0,1.0,1.0,1.0,1.0,1.0,7.0,1.0,qa2,qa301,qa301,pa301,qa301,qa301,qa301
residence3,1,1.0,您3岁的居住地是否与出生地相同？,1.0,1.0,1.0,1.0,0.0,0.0,0.0,4.0,1.0,qa3,qa501,qa501,pa501,,,
hukou3,1,1.0,您3岁的户口是非农户口吗？,1.0,1.0,1.0,1.0,0.0,0.0,0.0,4.0,1.0,qa302,qa503,qa503,pa503,,,
residence12,1,1.0,您12岁的居住地是否与出生地相同？,1.0,1.0,1.0,1.0,1.0,1.0,1.0,7.0,1.0,qa4,qa601,qa601,pa601,qa601,qa601,qa601
hukou12,1,1.0,您12岁的户口是非农户口吗？,1.0,1.0,1.0,1.0,1.0,1.0,1.0,7.0,1.0,qa402,qa603,qa603,pa603,qa603,qa603,qa603
minzu,1,1.0,您的民族是汉族吗？,1.0,1.0,1.0,1.0,1.0,1.0,1.0,7.0,1.0,qa5,qa701,qa701,pa701,qa701,qa701,qa701
military,1,1.0,您是退伍军人吗？,0.0,1.0,1.0,1.0,1.0,1.0,1.0,6.0,1.0,,qa9,qa9,pa9,qa9,qa9,qa9
onlychild,1,1.0,您是否有兄弟姐妹,1.0,0.0,0.0,0.0,0.0,0.0,0.0,1.0,0.0,qb1,,,,,,
education,1,1.0,您是否完成高中以上的学历？,1.0,1.0,1.0,1.0,1.0,1.0,1.0,7.0,1.0,qc1,kw1,kw1,kw1,w01,w01,kw01
primary,0,1.0,您是否读过小学？,0.0,0.0,0.0,0.0,0.0,0.0,0.0,0.0,0.0,,,,,,,
primarygrat,0,1.0,您是否获得了小学毕业证书？,0.0,0.0,0.0,0.0,0.0,0.0,0.0,0.0,0.0,,,,,,,
middle,0,1.0,您是否读过初中？,0.0,0.0,0.0,0.0,0.0,0.0,0.0,0.0,0.0,,,,,,,
middlegrat,0,1.0,您是否获得了初中毕业证书？,0.0,0.0,0.0,0.0,0.0,0.0,0.0,0.0,0.0,,,,,,,
high,0,1.0,您是否读过高中？,0.0,0.0,0.0,0.0,0.0,0.0,0.0,0.0,0.0,,,,,,,
highgrat,0,1.0,您是否获得了高中毕业证书？,0.0,0.0,0.0,0.0,0.0,0.0,0.0,0.0,0.0,,,,,,,
tech,0,1.0,您是否读过大专？,0.0,0.0,0.0,0.0,0.0,0.0,0.0,0.0,0.0,,,,,,,
techgrat,0,1.0,您是否获得了大专毕业证书？,0.0,0.0,0.0,0.0,0.0,0.0,0.0,0.0,0.0,,,,,,,
bachelor,0,1.0,您是否读过本科？,0.0,0.0,0.0,0.0,0.0,0.0,0.0,0.0,0.0,,,,,,,
bachelorgrat,0,1.0,您是否获得了学士学位？,0.0,0.0,0.0,0.0,0.0,0.0,0.0,0.0,0.0,,,,,,,
master,0,1.0,您是否读过硕士？,0.0,0.0,0.0,0.0,0.0,0.0,0.0,0.0,0.0,,,,,,,
mastergrat,0,1.0,您是否获得了硕士学位？,0.0,0.0,0.0,0.0,0.0,0.0,0.0,0.0,0.0,,,,,,,
phd,0,1.0,您是否读过博士？,0.0,0.0,0.0,0.0,0.0,0.0,0.0,0.0,0.0,,,,,,,
phdgrat,0,1.0,您是否获得了博士学位？,0.0,0.0,0.0,0.0,0.0,0.0,0.0,0.0,0.0,,,,,,,
eduExpectation,1,0.0,您是否认为自己应该完成高中以上的学历？,1.0,1.0,1.0,1.0,1.0,1.0,1.0,7.0,1.0,qc8,qc201,qc201,qc201,qc201,qc201,qc201
schooling,1,0.0,您现在正在上学吗？,1.0,1.0,1.0,1.0,1.0,1.0,1.0,7.0,1.0,qd3,wc01,wc01,pc1,qc1,qc1,qc1
schoolFulltime,1,0.0,您就读的学校是否全日制？,1.0,1.0,1.0,1.0,1.0,1.0,1.0,7.0,1.0,kr404,kra1,kra1,pc4,qc4,qc4,qc4
boarding,1,0.0,您就读的学校是否能够寄宿？,1.0,1.0,1.0,0.0,1.0,1.0,1.0,6.0,1.0,kr405,kr405,kr405,,qs10,qs10,qs10
boardingStat,1,0.0,您是否在学校寄宿？,0.0,1.0,1.0,0.0,1.0,1.0,1.0,5.0,1.0,,kr405a,kr405a,,qs1001,qs1001,qs1001
tutoring,1,0.0,最近非假期的1个月，您参加过或正在参加家教/课外辅导班吗？,1.0,1.0,1.0,0.0,0.0,0.0,0.0,3.0,0.0,kr410,kr410,kr410,,,,
leave,1,0.0,最近非假期的1个月，您是否曾经请假？,1.0,1.0,1.0,1.0,1.0,1.0,1.0,7.0,1.0,leave,leave,leave,kr4301,kr4301,kr4301,kr4301
absent,1,0.0,最近非假期的1个月，您是否曾经旷课？,1.0,1.0,1.0,1.0,1.0,1.0,1.0,7.0,1.0,absent,absent,absent,kr4302,kr4302,kr4302,kr4302
leader,1,0.0,最近一年，您是否担任过班级或学校的学生干部？,1.0,1.0,1.0,1.0,1.0,1.0,1.0,7.0,1.0,ks1,ks1,ks1,ks1,qs1_b_2,qs1_b_2,qs1_b_2
association,1,0.0,是否参加学生社团？,1.0,1.0,1.0,1.0,1.0,1.0,1.0,7.0,1.0,ks2,ks2,ks2,ks2,qs2,qs2,qs2
associationLeader,1,0.0,是否担任社团干部？,1.0,1.0,1.0,1.0,1.0,1.0,1.0,7.0,1.0,ks202,ks202,ks202,ks202,qs202,qs202,qs202
schEvalGrade,1,0.0,您对自己的学业满意吗？,1.0,1.0,1.0,1.0,1.0,1.0,1.0,7.0,1.0,ks501,ks501,ks501,ks501,qs501_b_1code,qs501_b_1code,qs501_b_1code
schEvalPressure,1,0.0,您认为自己学习压力大吗？,1.0,1.0,1.0,1.0,1.0,1.0,1.0,7.0,1.0,ks502,ks502,ks502,ks502,qs502,qs502,qs502
schEvalGreat,1,0.0,作为学生，您认为自己优秀吗？,1.0,1.0,1.0,1.0,1.0,1.0,1.0,7.0,1.0,ks503,ks503,ks503,ks503,qs503,qs503,qs503
schEvalLeader,1,0.0,您认为自己在多大程度上适合做学生干部？,1.0,1.0,1.0,1.0,1.0,1.0,1.0,7.0,1.0,ks504,ks504,ks504,ks504,qs504,qs504,qs504
schPercpEffort,1,0.0,是否同意这一描述：我学习很努力,1.0,1.0,1.0,1.0,1.0,1.0,1.0,7.0,1.0,ks601,ks601,ks601,ks601n,qs601n,qs601n,qs601n
schPercpFocus,1,0.0,是否同意这一描述：我在课堂上会集中精力学习,1.0,1.0,1.0,1.0,1.0,1.0,1.0,7.0,1.0,ks602,ks602,ks602,ks602n,qs602n,qs602n,qs602n
schPercpRigor,1,0.0,是否同意这一描述：我会在完成家庭作业时核对数遍，看看是否正确。,1.0,1.0,1.0,1.0,1.0,1.0,1.0,7.0,1.0,ks603,ks603m,ks603m,ks603mn,qs603mn,qs603mn,qs603mn
schPercpObey,1,0.0,是否同意这一描述：我遵守校规校纪。,1.0,1.0,1.0,1.0,1.0,1.0,1.0,7.0,1.0,ks604,ks604,ks604,ks604n,qs604n,qs604n,qs604n
schPercpTidy,1,0.0,是否同意这一描述：我喜欢把我在学校的物品摆放整齐。,1.0,1.0,1.0,1.0,1.0,1.0,1.0,7.0,1.0,ks605,ks605,ks605,ks605n,qs605n,qs605n,qs605n
schPercpHwk,1,0.0,是否同意这一描述：我只在完成家庭作业后才玩。,1.0,1.0,1.0,1.0,1.0,1.0,1.0,7.0,1.0,ks606,ks606m,ks606m,ks606mn,qs606mn,qs606mn,qs606mn
schSatisfySchool,1,0.0,您对自己的学校满意吗？,1.0,1.0,1.0,1.0,1.0,1.0,1.0,7.0,1.0,ks701,ks701,ks701,ks701,qs701_b_2,qs701_b_2,qs701
schSatisfyHeadt,1,0.0,您对自己的班主任满意吗？,1.0,1.0,1.0,1.0,1.0,1.0,1.0,7.0,1.0,ks702,ks702,ks702,ks702,qs702,qs702,qs702
schSatisfyChinese,1,0.0,您对自己的语文老师满意吗？,1.0,1.0,1.0,1.0,1.0,1.0,1.0,7.0,1.0,ks703,ks703,ks703,ks703,qs703,qs703,qs703
schSatisfyMath,1,0.0,您对自己的数学老师满意吗？,1.0,1.0,1.0,1.0,1.0,1.0,1.0,7.0,1.0,ks704,ks704,ks704,ks704,qs704,qs704,qs704
schSatisfyEng,1,0.0,您对自己的外语老师满意吗？,1.0,1.0,1.0,1.0,1.0,1.0,1.0,7.0,1.0,ks705,ks705,ks705,ks705,qs705,qs705,qs705
learnAngry,1,0.0,您多大程度上符合这一描述：学习上遇到困难我会生气,0.0,0.0,0.0,0.0,0.0,0.0,1.0,1.0,0.0,,,,,,,qint001
learnQuarrel,1,0.0,您多大程度上符合这一描述：我经常和同龄人吵架,0.0,0.0,0.0,0.0,0.0,0.0,1.0,1.0,0.0,,,,,,,qext002
learnExam,1,0.0,您多大程度上符合这一描述：我害怕考试,0.0,0.0,0.0,0.0,0.0,0.0,1.0,1.0,0.0,,,,,,,qint003
learnFocus,1,0.0,您多大程度上符合这一描述：我很难集中注意力,0.0,0.0,0.0,0.0,0.0,0.0,1.0,1.0,0.0,,,,,,,qext004
learnLonely,1,0.0,您多大程度上符合这一描述：我经常感到寂寞,0.0,0.0,0.0,0.0,0.0,0.0,1.0,1.0,0.0,,,,,,,qint005
learnDistract,1,0.0,您多大程度上符合这一描述：我很容易分心,0.0,0.0,0.0,0.0,0.0,0.0,1.0,1.0,0.0,,,,,,,qext006
learnSad,1,0.0,您多大程度上符合这一描述：我经常觉得悲伤难受,0.0,0.0,0.0,0.0,0.0,0.0,1.0,1.0,0.0,,,,,,,qint007
learnHwk,1,0.0,您多大程度上符合这一描述：我很难完成学校的作业,0.0,0.0,0.0,0.0,0.0,0.0,1.0,1.0,0.0,,,,,,,qext008
learnPerformance,1,0.0,您多大程度上符合这一描述：我担心自己在学校表现得不够好,0.0,0.0,0.0,0.0,0.0,0.0,1.0,1.0,0.0,,,,,,,qint009
learnHwk2,1,0.0,您多大程度上符合这一描述：我担心做不完作业,0.0,0.0,0.0,0.0,0.0,0.0,1.0,1.0,0.0,,,,,,,qint010
learnFriend,1,0.0,您多大程度上符合这一描述：我担心在学校没有玩伴,0.0,0.0,0.0,0.0,0.0,0.0,1.0,1.0,0.0,,,,,,,qint011
learnDisturb,1,0.0,您多大程度上符合这一描述：我因为多嘴打扰到别人而惹麻烦,0.0,0.0,0.0,0.0,0.0,0.0,1.0,1.0,0.0,,,,,,,qext012
learnFight,1,0.0,您多大程度上符合这一描述：我因为和同龄人打架而惹麻烦,0.0,0.0,0.0,0.0,0.0,0.0,1.0,1.0,0.0,,,,,,,qext013
learnWrong,1,0.0,您多大程度上符合这一描述：在学校犯错误的时候我感到羞愧,0.0,0.0,0.0,0.0,0.0,0.0,1.0,1.0,0.0,,,,,,,qint014
percpRelation,1,0.0,您认为自己的人缘关系有多好？,1.0,0.0,0.0,0.0,1.0,1.0,1.0,4.0,1.0,qk801,,,,qm2011,qm2011,qm2011
percpWellbeing,1,0.0,您觉得自己有多幸福？,1.0,0.0,0.0,0.0,1.0,1.0,1.0,4.0,1.0,qk802,,,,qm2016,qm2016,qm2016
mobile,1,0.0,您是否使用或使用过手机？,1.0,0.0,1.0,1.0,1.0,0.0,0.0,4.0,1.0,ku1,,ku1m,ku1m,qu1m,,
internet,1,0.0,您是否上网？,1.0,0.0,1.0,0.0,0.0,0.0,0.0,2.0,0.0,ku2,,ku2,,,,
internetMobile,1,0.0,您是否移动上网？,0.0,0.0,0.0,1.0,1.0,1.0,1.0,4.0,1.0,,,,ku201,qu201,qu201,qu201
internetComputer,1,0.0,您是否电脑上网？,0.0,0.0,0.0,1.0,1.0,1.0,1.0,4.0,1.0,,,,ku202,qu202,qu202,qu202
internetLearn,1,0.0,一般情况下，您使用互联网络学习（如搜索学习资料、上网络学习课程等）的频率有多高？,0.0,0.0,1.0,1.0,1.0,0.0,0.0,3.0,0.0,,,ku701,ku701,qu701,,
internetWork,1,0.0,一般情况下，您使用互联网络工作的频率有多高？,0.0,0.0,1.0,1.0,1.0,0.0,0.0,3.0,0.0,,,ku702,ku702,qu702,,
internetSocial,1,0.0,一般情况下，您使用互联网络进行社交活动（如聊天、发微博等）的频率有多高？,0.0,0.0,1.0,1.0,1.0,0.0,0.0,3.0,0.0,,,ku703,ku703,qu703,,
internetEntertain,1,0.0,一般情况下，您使用互联网络娱乐（如看视频、下载歌曲等）的频率有多高？,0.0,0.0,1.0,1.0,1.0,0.0,0.0,3.0,0.0,,,ku704,ku704,qu704,,
internetCommercial,1,0.0,一般情况下，您使用互联网络进行商业活动（如使用网银、网上购物）的频率有多高？,0.0,0.0,1.0,1.0,1.0,0.0,0.0,3.0,0.0,,,ku705,ku705,qu705,,
internetLearn20201,1,0.0,过去一周，您是否使用网络学习(包括观看或收听得到、慕课等平台的各类课程，或参加线上培训。)？,0.0,0.0,0.0,0.0,0.0,1.0,0.0,1.0,0.0,,,,,,qu94,
internetLearn20202,1,0.0,过去一周，您是否几乎每天都使用网络学习（例如观看或收听得到、慕课等平台的各类课程，或参加线上培训）？,0.0,0.0,0.0,0.0,0.0,1.0,0.0,1.0,0.0,,,,,,qu941,
internetLearn20221,1,0.0,除学校开设的网课，包括观看或收听“得到”、“慕课”等平台的各类课程，或参加线上培训。过去一周，您是否使用网络学习？,0.0,0.0,0.0,0.0,0.0,0.0,1.0,1.0,0.0,,,,,,,qu94
internetLearn20222,1,0.0,过去一周，除学校开设的网课，您是否几乎每天都使用网络学习（例如观看或收听得到、慕课等平台的各类课程，或参加线上培训）？,0.0,0.0,0.0,0.0,0.0,0.0,1.0,1.0,0.0,,,,,,,qu941
game,1,0.0,过去一周，您是否玩过网络游戏（包括手游如王者荣耀等；在电脑上玩的网络游戏，如魔兽世界、天龙八部等；以及其他小游戏如斗地主，开心农场，QQ游戏等。）？,0.0,0.0,0.0,0.0,0.0,1.0,1.0,2.0,0.0,,,,,,qu91,qu91
gameFreq,1,0.0,过去一周，您是否几乎每天都玩网络游戏（包括手游如王者荣耀等；在电脑上玩的网络游戏，如魔兽世界、天龙八部等；以及其他小游戏如斗地主，开心农场，QQ游戏等。）？,0.0,0.0,0.0,0.0,0.0,1.0,1.0,2.0,0.0,,,,,,qu911,qu911
shopping,1,0.0,过去一周，您是否在网上购物（包括使用淘宝、微店、京东等在线购物平台或APP）？,0.0,0.0,0.0,0.0,0.0,1.0,1.0,2.0,0.0,,,,,,qu92,qu92
shoppingFreq,1,0.0,过去一周，您是否几乎每天都在网上购物（例如使用淘宝、微店、京东等）？,0.0,0.0,0.0,0.0,0.0,1.0,1.0,2.0,0.0,,,,,,qu921,qu921
video,1,0.0,过去一周，您是否看过短视频或直播类网络平台节目（包括观看小火山、抖音、快手、微视、斗鱼等）？,0.0,0.0,0.0,0.0,0.0,1.0,1.0,2.0,0.0,,,,,,qu93,qu93
videoFreq,1,0.0,过去一周，您是否几乎每天都看短视频或直播类网络平台节目（例如小火山、抖音、快手、微视、斗鱼等）？,0.0,0.0,0.0,0.0,0.0,1.0,1.0,2.0,0.0,,,,,,qu931,qu931
wechat,1,0.0,过去一年，您是否使用过微信？,0.0,0.0,0.0,0.0,0.0,1.0,1.0,2.0,0.0,,,,,,qu11,qu11
wechatFreq,1,0.0,过去一年，您在朋友圈分享自己工作或生活的频率有多高？,0.0,0.0,0.0,0.0,0.0,1.0,1.0,2.0,0.0,,,,,,qu111,qu111
internetImportLearn,1,0.0,网络对您的学习及获取资讯有多重要？,1.0,0.0,1.0,1.0,1.0,1.0,1.0,6.0,1.0,ku302,,ku301,ku301,qu301,qu954,qu954
internetImportWork,1,0.0,网络对您的工作有多重要？,1.0,0.0,1.0,1.0,1.0,1.0,1.0,6.0,1.0,ku303,,ku302,ku302,qu302,qu951,qu951
internetImportSocial,1,0.0,网络对您与家人和朋友保持联系有多重要？,1.0,0.0,1.0,1.0,1.0,1.0,1.0,6.0,1.0,ku304,,ku303,ku303,qu303,qu953,qu953
internetImportEntertain,1,0.0,网络对您的休闲娱乐有多重要？,1.0,0.0,1.0,1.0,1.0,1.0,1.0,6.0,1.0,ku301,,ku304,ku304,qu304,qu952,qu952
internetImportCommercial,1,0.0,网络对您的商业行为（包括购物、网络转账、使用网银等）有多重要？,0.0,0.0,1.0,1.0,1.0,1.0,1.0,5.0,1.0,,,ku305,ku305,qu305,qu955,qu955
internetStranger,1,0.0,在网上时，您与陌生人聊天吗？,0.0,0.0,1.0,1.0,1.0,0.0,0.0,3.0,0.0,,,ku240,ku240,qu240,,
internetPhone,1,0.0,请您根据自己的实际情况，选择从事以下活动的频率：在网上认识新朋友后，会通过电话进一步联系。,1.0,0.0,1.0,1.0,1.0,0.0,0.0,4.0,1.0,ku601,,ku601,ku601,qu601,,
internetMeet,1,0.0,请您根据自己的实际情况，选择从事以下活动的频率：和网友见面。,1.0,0.0,1.0,1.0,1.0,0.0,0.0,4.0,1.0,ku602,,ku602,ku602,qu602,,
internetReal,1,0.0,请您根据自己的实际情况，选择从事以下活动的频率：和网友成为现实中的好朋友。,1.0,0.0,1.0,1.0,1.0,0.0,0.0,4.0,1.0,ku603,,ku603,ku603,qu603,,
infoTV,1,0.0,电视对您获取信息的重要性？,0.0,0.0,1.0,1.0,1.0,1.0,0.0,4.0,1.0,,,ku801,ku801,qu801,qu801,
infoInternet,1,0.0,互联网对您获取信息的重要性？,0.0,0.0,1.0,1.0,1.0,1.0,0.0,4.0,1.0,,,ku802,ku802,qu802,qu802,
infoNews,1,0.0,报纸、期刊杂志对您获取信息的重要性？,0.0,0.0,1.0,1.0,1.0,1.0,0.0,4.0,1.0,,,ku803,ku803,qu803,qu803,
infoRadio,1,0.0,广播对您获取信息的重要性？,0.0,0.0,1.0,1.0,1.0,1.0,0.0,4.0,1.0,,,ku804,ku804,qu804,qu804,
infoMobile,1,0.0,手机短信对您获取信息的重要性？,0.0,0.0,1.0,1.0,1.0,1.0,0.0,4.0,1.0,,,ku805,ku805,qu805,qu805,
infoOthers,1,0.0,他人转告对您获取信息的重要性？,0.0,0.0,1.0,1.0,1.0,1.0,0.0,4.0,1.0,,,ku806,ku806,qu806,qu806,
trustGeneral,1,0.0,一般来说，您认为大多数人是可以信任的，还是和人相处要越小心越好？,0.0,1.0,1.0,1.0,1.0,1.0,1.0,6.0,1.0,,qn1001,qn1001,pn1001,qn1001,qn1001,qn1001
trustParents,1,0.0,您对父母的信任程度能打几分？,0.0,1.0,1.0,1.0,1.0,1.0,1.0,6.0,1.0,,qn10021,qn10021,qn10021,qn10021,qn10021,qn10021
trustNeighbor,1,0.0,您对邻居的信任程度能打几分？,0.0,1.0,1.0,1.0,1.0,1.0,1.0,6.0,1.0,,qn10022,qn10022,qn10022,qn10022,qn10022,qn10022
trustUSA,1,0.0,您对美国人的信任程度能打几分？,0.0,1.0,1.0,1.0,1.0,1.0,1.0,6.0,1.0,,qn10023,qn10023,qn10023,qn10023,qn10023,qn10023
trustStrangern,1,0.0,您对陌生人的信任程度能打几分,0.0,1.0,1.0,1.0,1.0,1.0,1.0,6.0,1.0,,qn10024,qn10024,qn10024,qn10024,qn10024,qn10024
trustGovern,1,0.0,您对本地政府官员的信任程度能打几分？,0.0,1.0,1.0,1.0,1.0,1.0,1.0,6.0,1.0,,qn10025,qn10025,qn10025,qn10025,qn10025,qn10025
trustDoctor,1,0.0,您对医生的信任程度能打几分？,0.0,1.0,1.0,1.0,1.0,1.0,1.0,6.0,1.0,,qn10026,qn10026,qn10026,qn10026,qn10026,qn10026
percepHelp,1,0.0,您觉得大部分人是乐于助人的吗?,0.0,0.0,1.0,1.0,1.0,1.0,1.0,5.0,1.0,,,qm6,pm6,qm6,qm6,qm6
successStatus,1,0.0,下面列出了可能影响人成功的因素，您多大程度上同意这一观点？社会地位高的家庭，子女的成就也会大；社会地位低的家庭，子女的成就也会小。,1.0,0.0,1.0,0.0,0.0,1.0,0.0,3.0,0.0,qn501,,qm3011,,,qm3011,
successEcon,1,0.0,下面列出了可能影响人成功的因素，您多大程度上同意这一观点？富人家的子女，成就也会大；穷人家的子女，成就也会小。,1.0,0.0,1.0,0.0,0.0,1.0,0.0,3.0,0.0,qn502,,qm3012,,,qm3012,
successEdu,1,0.0,下面列出了可能影响人成功的因素，您多大程度上同意这一观点？一个人受教育程度越高，获得很大成就的可能性就越大。,1.0,0.0,1.0,0.0,0.0,1.0,0.0,3.0,0.0,qn503,,qm3013,,,qm3013,
successTalent,1,0.0,下面列出了可能影响人成功的因素，您多大程度上同意这一观点？影响一个人成就大小最重要的因素是他/她的天赋。,1.0,0.0,1.0,0.0,0.0,1.0,0.0,3.0,0.0,qn504,,qm3014,,,qm3014,
successEffort,1,0.0,下面列出了可能影响人成功的因素，您多大程度上同意这一观点？影响一个人成就大小最重要的因素是他/她的努力程度。,1.0,0.0,1.0,0.0,0.0,1.0,0.0,3.0,0.0,qn505,,qm3015,,,qm3015,
successFortune,1,0.0,下面列出了可能影响人成功的因素，您多大程度上同意这一观点？影响一个人成就大小最重要的因素是他/她的运气。,1.0,0.0,1.0,0.0,0.0,1.0,0.0,3.0,0.0,qn506,,qm3016,,,qm3016,
successRelation,1,0.0,下面列出了可能影响人成功的因素，您多大程度上同意这一观点？影响一个人成就大小最重要的因素是他/她或他/她的家里有关系。,1.0,0.0,1.0,0.0,0.0,1.0,0.0,3.0,0.0,qn507,,qm3017,,,qm3017,
selfWorse,1,0.0,下列语句是对生活的一般描述。您是否同意下面的描述：我觉得我不比别人差。,0.0,0.0,1.0,1.0,1.0,0.0,0.0,3.0,0.0,,,qm1011,pm101m,qm101m,,
selfQuality,1,0.0,下列语句是对生活的一般描述。您是否同意下面的描述：我觉得自己有许多好的品质。,0.0,0.0,1.0,1.0,1.0,0.0,0.0,3.0,0.0,,,qm1012,pm102m,qm102m,,
selfFailure,1,0.0,下列语句是对生活的一般描述。您是否同意下面的描述：归根结底，我认为自己是一个失败者。,0.0,0.0,1.0,1.0,1.0,0.0,0.0,3.0,0.0,,,qm1013,pm103m,qm103m,,
selfAffair,1,0.0,下列语句是对生活的一般描述。您是否同意下面的描述：我能像大多数人一样把事情做好。,0.0,0.0,1.0,1.0,1.0,0.0,0.0,3.0,0.0,,,qm1014,pm104m,qm104m,,
selfProud,1,0.0,下列语句是对生活的一般描述。您是否同意下面的描述：我觉得自己值得自豪的地方不多。,0.0,0.0,1.0,1.0,1.0,0.0,0.0,3.0,0.0,,,qm1015,pm105m,qm105m,,
selfIdentity,1,0.0,下列语句是对生活的一般描述。您是否同意下面的描述：我对自己持肯定态度。,0.0,0.0,1.0,1.0,1.0,0.0,0.0,3.0,0.0,,,qm1016,pm106m,qm106m,,
selfSatisfy,1,0.0,下列语句是对生活的一般描述。您是否同意下面的描述：总的来说，我对自己是满意的。,0.0,0.0,1.0,1.0,1.0,0.0,0.0,3.0,0.0,,,qm1017,pm107m,qm107m,,
selfRespect,1,0.0,下列语句是对生活的一般描述。您是否同意下面的描述：我希望我能为自己赢得更多尊重。,0.0,0.0,1.0,1.0,1.0,0.0,0.0,3.0,0.0,,,qm1018,pm108m,qm108m,,
satisfyMarriage,1,0.0,总的来说，您对您当前这段婚姻/同居生活有多满意？,0.0,0.0,1.0,0.0,0.0,1.0,1.0,3.0,0.0,,,qm801,,,qm801,qm801
satisfyEcon,1,0.0,您对对方在经济上为家庭做出的贡献有多满意？,0.0,0.0,1.0,0.0,0.0,1.0,1.0,3.0,0.0,,,qm802,,,qm802,qm802
satisfyHousework,1,0.0,您对对方在家务上为家庭做出的贡献有多满意？,0.0,0.0,1.0,0.0,0.0,1.0,1.0,3.0,0.0,,,qm803,,,qm803,qm803
familyRespect,1,0.0,您多大程度上同意下列说法：无论父母对子女如何不好，子女仍应善待他们。 ,0.0,0.0,1.0,0.0,0.0,0.0,1.0,2.0,0.0,,,qm1001,,,,qm1001
familyGiveup,1,0.0,您多大程度上同意下列说法：子女应放弃个人的志向，达成父母的心愿。,0.0,0.0,1.0,0.0,0.0,0.0,1.0,2.0,0.0,,,qm1002,,,,qm1002
familyLivewith,1,0.0,您多大程度上同意下列说法：儿子结婚后应和父母住在一起。 ,0.0,0.0,1.0,0.0,0.0,0.0,1.0,2.0,0.0,,,qm1003,,,,qm1003
familySon,1,0.0,您多大程度上同意下列说法：为了传宗接代，人应至少生一个儿子。 ,0.0,0.0,1.0,0.0,0.0,0.0,1.0,2.0,0.0,,,qm1004,,,,qm1004
familyProud,1,0.0,您多大程度上同意下列说法：人应做一些光宗耀祖的事情。 ,0.0,0.0,1.0,0.0,0.0,0.0,1.0,2.0,0.0,,,qm1005,,,,qm1005
familyVisit,1,0.0,您多大程度上同意下列说法：子女即使在外工作也应经常回家探望父母。,0.0,0.0,1.0,0.0,0.0,0.0,1.0,2.0,0.0,,,qm1006,,,,qm1006
genderWork,1,0.0,您多大程度上同意下列说法：男人以事业为主，女人以家庭为主。 ,0.0,0.0,1.0,0.0,0.0,1.0,0.0,2.0,0.0,,,qm1101,,,qm1101,
genderMarriage,1,0.0,您多大程度上同意下列说法：女人干得好不如嫁得好。,0.0,0.0,1.0,0.0,0.0,1.0,0.0,2.0,0.0,,,qm1102,,,qm1102,
genderFertility,1,0.0,您多大程度上同意下列说法：女人应该有孩子才算完整。,0.0,0.0,1.0,0.0,0.0,1.0,0.0,2.0,0.0,,,qm1103,,,qm1103,
genderHousework,1,0.0,您多大程度上同意下列说法：男人应承担一半家务。,0.0,0.0,1.0,0.0,0.0,1.0,0.0,2.0,0.0,,,qm1104,,,qm1104,
favorUSA,0,0.0,您对美国这个国家的喜好程度如何？,0.0,0.0,0.0,0.0,0.0,0.0,1.0,1.0,0.0,,,,,,,qaxn1101
proudChina,0,0.0,作为中国人，你感到自豪的程度如何？,0.0,0.0,0.0,0.0,0.0,0.0,1.0,1.0,0.0,,,,,,,qaxn1102
internChina,0,0.0,你认为中国的国际形象如何？,0.0,0.0,0.0,0.0,0.0,0.0,1.0,1.0,0.0,,,,,,,qaxn1103
lifeMeaning,1,0.0,总的来说，您认为自己生活在多大程度上是有意义的？,0.0,0.0,0.0,0.0,0.0,0.0,1.0,1.0,0.0,,,,,,,qm3n
rateIncome,1,0.0,您的个人收入在本地属于高水平吗？,1.0,1.0,1.0,1.0,1.0,1.0,1.0,7.0,1.0,qm401,qn8011,qn8011,qn8011,qn8011,qn8011,qn8011
rateStatus,1,0.0,您在本地的社会地位高吗？,1.0,1.0,1.0,1.0,1.0,1.0,1.0,7.0,1.0,qm402,qn8012,qn8012,qn8012,qn8012,qn8012,qn8012
rateSatisfy,1,0.0,您对自己生活的满意程度如何？,1.0,1.0,1.0,1.0,1.0,1.0,1.0,7.0,1.0,qm403,qn12012,qn12012,qn12012,qn12012,qn12012,qn12012
rateConfidence,1,0.0,您对自己未来的信心程度如何？,1.0,1.0,1.0,1.0,1.0,1.0,1.0,7.0,1.0,qm404,qn12014,qn12014,qn12014,qn12016,qn12016,qn12016
agreeTutor,0,0.0,您多大程度认同中小学生进行课外补习？,0.0,0.0,0.0,0.0,0.0,0.0,1.0,1.0,0.0,,,,,,,qaxd301
agreeDistrictHouse,0,0.0,您多大程度认同学区房制度？,0.0,0.0,0.0,0.0,0.0,0.0,1.0,1.0,0.0,,,,,,,qaxd302
disagreeTutor,0,0.0,您多大程度认同取消中小学生课外补习？,0.0,0.0,0.0,0.0,0.0,0.0,1.0,1.0,0.0,,,,,,,qaxd303
disagreeDistrictHouse,0,0.0,您多大程度认同取消学区房制度？,0.0,0.0,0.0,0.0,0.0,0.0,1.0,1.0,0.0,,,,,,,qaxd304
agreeVocational,0,0.0,小李中考成绩刚好达到普通高中录取分数线，他认为放弃普通高中而去职业高中学一门技能更适合自己。您多大程度认同小李的做法? ,0.0,0.0,0.0,0.0,0.0,0.0,1.0,1.0,0.0,,,,,,,qaxd305
importMoney,1,0.0,您觉得下面的问题对您的重要程度是：很有钱,1.0,0.0,0.0,0.0,1.0,0.0,0.0,2.0,0.0,qm501,,,,qm501,,
importHate,1,0.0,您觉得下面的问题对您的重要程度是：不被人讨厌,1.0,0.0,0.0,0.0,1.0,0.0,0.0,2.0,0.0,qm502,,,,qm502,,
importFun,1,0.0,您觉得下面的问题对您的重要程度是：生活有乐趣,1.0,0.0,0.0,0.0,1.0,0.0,0.0,2.0,0.0,qm503,,,,qm503,,
importIntimacy,1,0.0,您觉得下面的问题对您的重要程度是：与配偶关系亲密,1.0,0.0,0.0,0.0,1.0,0.0,0.0,2.0,0.0,qm504,,,,qm504,,
importLoniness,1,0.0,您觉得下面的问题对您的重要程度是：不孤单,1.0,0.0,0.0,0.0,1.0,0.0,0.0,2.0,0.0,qm505,,,,qm505,,
importAchieve,1,0.0,您觉得下面的问题对您的重要程度是：有成就感,1.0,0.0,0.0,0.0,1.0,0.0,0.0,2.0,0.0,qm506,,,,qm506,,
importMissing,1,0.0,您觉得下面的问题对您的重要程度是：死后有人念想,1.0,0.0,0.0,0.0,1.0,0.0,0.0,2.0,0.0,qm507,,,,qm507,,
importFamily,1,0.0,您觉得下面的问题对您的重要程度是：家庭美满、和睦,1.0,0.0,0.0,0.0,1.0,0.0,0.0,2.0,0.0,qm508,,,,qm508,,
importFertility,1,0.0,您觉得下面的问题对您的重要程度是：传宗接代,1.0,0.0,0.0,0.0,1.0,0.0,0.0,2.0,0.0,qm509,,,,qm509,,
importChildren,1,0.0,您觉得下面的问题对您的重要程度是：子女有出息,1.0,0.0,0.0,0.0,1.0,0.0,0.0,2.0,0.0,qm510,,,,qm510,,
mindsetAscribed1,1,0.0,您在多大程度上同意以下说法：一个人的智力水平在他出生时就决定了，很难发生明显的改变。,0.0,0.0,0.0,0.0,0.0,0.0,1.0,1.0,0.0,,,,,,,qms1
mindsetAscribed2,1,0.0,您在多大程度上同意以下说法：一个人可以学习新知识，但却无法真正改变自己的智力水平。,0.0,0.0,0.0,0.0,0.0,0.0,1.0,1.0,0.0,,,,,,,qms2
mindsetAchieved1,1,0.0,您在多大程度上同意以下说法：无论一个人智力处在哪种水平上，他总有办法可以改变智力水平。,0.0,0.0,0.0,0.0,0.0,0.0,1.0,1.0,0.0,,,,,,,qms3
mindsetAchieved2,1,0.0,您在多大程度上同意以下说法：只要愿意，人总能根本性地改变自己的智力水平。,0.0,0.0,0.0,0.0,0.0,0.0,1.0,1.0,0.0,,,,,,,qms4
genderPressure,1,0.0,您认为在社会中男性面临更大的压力吗？,0.0,0.0,0.0,0.0,1.0,1.0,1.0,3.0,0.0,,,,,qm501a,qm501a,qm501a
genderRear,1,0.0,您对以下说法的有多认同：父亲在照料孩子方面的投入应当和母亲一样多。,0.0,0.0,0.0,0.0,0.0,1.0,0.0,1.0,0.0,,,,,,qm991,
importRear,1,0.0,您对以下说法的有多认同：父母在孩子0-3岁期间如何对待他们对孩子长远发展有重要的影响。,0.0,0.0,0.0,0.0,0.0,1.0,0.0,1.0,0.0,,,,,,qm992,
justiceCompetition,1,0.0,您在多大程度上同意下列说法：有公平竞争才有和谐的人际关系。,1.0,0.0,0.0,0.0,1.0,1.0,1.0,4.0,1.0,qm702,,,,wv102,wv102,wv102
justiceWealth,1,0.0,您在多大程度上同意下列说法：财富是个人成就的反映。,1.0,0.0,0.0,0.0,1.0,1.0,1.0,4.0,1.0,qm703,,,,wv103,wv103,wv103
justiceEffort,1,0.0,您在多大程度上同意下列说法：在当今社会，努力工作能得到回报。,1.0,0.0,0.0,0.0,1.0,1.0,1.0,4.0,1.0,qm704,,,,wv104,wv104,wv104
justiceIntelligence,1,0.0,您在多大程度上同意下列说法：在当今社会，聪明才干能得到回报。,1.0,0.0,0.0,0.0,1.0,1.0,1.0,4.0,1.0,qm705,,,,wv105,wv105,wv105
justiceCorruption,1,0.0,您在多大程度上同意下列说法：在当今社会，要干成大事就不可避免腐败。,1.0,0.0,0.0,0.0,1.0,1.0,1.0,4.0,1.0,qm706,,,,wv106,wv106,wv106
justiceRelation,1,0.0,您在多大程度上同意下列说法：在当今社会，有社会关系比个人有能力更重要。,1.0,0.0,0.0,0.0,1.0,1.0,1.0,4.0,1.0,qm707,,,,wv107,wv107,wv107
justiceOpportunity,1,0.0,您在多大程度上同意下列说法：在当今社会，像我这样的人提高生活水平的机会还是很大的。,0.0,0.0,0.0,0.0,1.0,1.0,1.0,3.0,0.0,,,,,wv108,wv108,wv108
justiceGap,1,0.0,您在多大程度上同意下列说法：为了经济繁荣就要拉大收入差距。,1.0,0.0,0.0,0.0,1.0,1.0,1.0,4.0,1.0,qm701,,,,wv101,wv101,wv101
fertilityOld,1,0.0,下面列出了人们想生养孩子的一般性理由。根据您自己的亲身经历，您是否同意这一说法：生养子女是为了在自己年老时能够有人帮助。,0.0,0.0,0.0,0.0,0.0,1.0,1.0,2.0,0.0,,,,,,qme201,qme201
fertilityContinue,1,0.0,下面列出了人们想生养孩子的一般性理由。根据您自己的亲身经历，您是否同意这一说法：生养子女是为了延续家族香火。,0.0,0.0,0.0,0.0,0.0,1.0,1.0,2.0,0.0,,,,,,qme202,qme202
fertilityEcon,1,0.0,下面列出了人们想生养孩子的一般性理由。根据您自己的亲身经历，您是否同意这一说法：生养子女是为了从经济上帮助家庭。,0.0,0.0,0.0,0.0,0.0,1.0,1.0,2.0,0.0,,,,,,qme203,qme203
fertilityAchieve,1,0.0,下面列出了人们想生养孩子的一般性理由。根据您自己的亲身经历，您是否同意这一说法：生养子女是为了看着孩子长大的喜悦。,0.0,0.0,0.0,0.0,0.0,1.0,1.0,2.0,0.0,,,,,,qme204,qme204
fertilityHappy,1,0.0,下面列出了人们想生养孩子的一般性理由。根据您自己的亲身经历，您是否同意这一说法：生养子女是为了子女在身边的快乐。,0.0,0.0,0.0,0.0,0.0,1.0,1.0,2.0,0.0,,,,,,qme205,qme205
fertilityRear,1,0.0,下面列出了人们想生养孩子的一般性理由。根据您自己的亲身经历，您是否同意这一说法：生养子女是为了感受有小宝宝的喜悦。,0.0,0.0,0.0,0.0,0.0,1.0,1.0,2.0,0.0,,,,,,qme206,qme206
fertilityFamily,1,0.0,下面列出了人们想生养孩子的一般性理由。根据您自己的亲身经历，您是否同意这一说法：生养子女是为了使家庭在自己的生活中更重要。,0.0,0.0,0.0,0.0,0.0,1.0,1.0,2.0,0.0,,,,,,qme207,qme207
fertilityResponsibility,1,0.0,下面列出了人们想生养孩子的一般性理由。根据您自己的亲身经历，您是否同意这一说法：生养子女是为了增强自己的责任心。,0.0,0.0,0.0,0.0,0.0,1.0,1.0,2.0,0.0,,,,,,qme208,qme208
fertilityRelation,1,0.0,下面列出了人们想生养孩子的一般性理由。根据您自己的亲身经历，您是否同意这一说法：生养子女是为了增加亲属联系。,0.0,0.0,0.0,0.0,0.0,1.0,1.0,2.0,0.0,,,,,,qme209,qme209
personRigor,1,0.0,您多大程度上符合这一描述：做事严谨认真,0.0,0.0,0.0,0.0,1.0,0.0,0.0,1.0,0.0,,,,,qm201,,
personOutgoing,1,0.0,您多大程度上符合这一描述：爱说话,0.0,0.0,0.0,0.0,1.0,0.0,0.0,1.0,0.0,,,,,qm202,,
personRude,1,0.0,您多大程度上符合这一描述：有时对别人粗鲁、不客气,0.0,0.0,0.0,0.0,1.0,0.0,0.0,1.0,0.0,,,,,qm203,,
personCreative,1,0.0,您多大程度上符合这一描述：具有独创性，会产生新点子,0.0,0.0,0.0,0.0,1.0,0.0,0.0,1.0,0.0,,,,,qm204,,
personConcern,1,0.0,您多大程度上符合这一描述：经常会担心,0.0,0.0,0.0,0.0,1.0,0.0,0.0,1.0,0.0,,,,,qm205,,
personGenerous,1,0.0,您多大程度上符合这一描述：天性比较宽容,0.0,0.0,0.0,0.0,1.0,0.0,0.0,1.0,0.0,,,,,qm206,,
personLazy,1,0.0,您多大程度上符合这一描述：往往很懒惰,0.0,0.0,0.0,0.0,1.0,0.0,0.0,1.0,0.0,,,,,qm207,,
personFriendly,1,0.0,您多大程度上符合这一描述：开朗、善社交 ,0.0,0.0,0.0,0.0,1.0,0.0,0.0,1.0,0.0,,,,,qm208,,
personArt,1,0.0,您多大程度上符合这一描述：重视艺术和审美的体验,0.0,0.0,0.0,0.0,1.0,0.0,0.0,1.0,0.0,,,,,qm209,,
personNervous,1,0.0,您多大程度上符合这一描述：容易紧张,0.0,0.0,0.0,0.0,1.0,0.0,0.0,1.0,0.0,,,,,qm210,,
personEfficient,1,0.0,您多大程度上符合这一描述：做事有效率,0.0,0.0,0.0,0.0,1.0,0.0,0.0,1.0,0.0,,,,,qm211,,
personRigid,1,0.0,您多大程度上符合这一描述：含蓄、保守,0.0,0.0,0.0,0.0,1.0,0.0,0.0,1.0,0.0,,,,,qm212,,
personConsiderable,1,0.0,您多大程度上符合这一描述：为他人着想、对几乎每一个人都和蔼 ,0.0,0.0,0.0,0.0,1.0,0.0,0.0,1.0,0.0,,,,,qm213,,
personImagine,1,0.0,您多大程度上符合这一描述：想象力丰富,0.0,0.0,0.0,0.0,1.0,0.0,0.0,1.0,0.0,,,,,qm214,,
personResilient,1,0.0,您多大程度上符合这一描述：是放松的，能很好地应付压力,0.0,0.0,0.0,0.0,1.0,0.0,0.0,1.0,0.0,,,,,qm215,,
injusticeGap,1,0.0,您有过下列经历吗：因贫富差别而受到不公正对待。,1.0,1.0,1.0,1.0,0.0,0.0,0.0,4.0,1.0,qn202,qn1011,qn1011,qn1011,,,
injusticeHukou,1,0.0,您有过下列经历吗：因户籍而受到不公正对待。,1.0,1.0,1.0,1.0,0.0,0.0,0.0,4.0,1.0,qn203,qn1012,qn1012,qn1012,,,
injusticeGender,1,0.0,您有过下列经历吗：因性别而受到不公正对待。,1.0,1.0,1.0,1.0,0.0,0.0,0.0,4.0,1.0,qn204,qn1013,qn1013,qn1013,,,
injusticeGovern,1,0.0,您有过下列经历吗：受到政府干部的不公正对待。,1.0,1.0,1.0,1.0,0.0,0.0,0.0,4.0,1.0,qn205,qn1014,qn1014,qn1014,,,
conflictGovern,1,0.0,您有过下列经历吗：与政府干部发生过冲突。,1.0,1.0,1.0,1.0,0.0,0.0,0.0,4.0,1.0,qn206,qn1015,qn1015,qn1015,,,
rejectGovern,1,0.0,您有过下列经历吗：到政府办事时受到不合理的拖延、推诿。,1.0,1.0,1.0,1.0,0.0,0.0,0.0,4.0,1.0,qn207,qn1016,qn1016,qn1016,,,
,1,0.0,您有过下列经历吗：到政府办事时遭到不合理的收费。,1.0,1.0,1.0,1.0,0.0,0.0,0.0,4.0,1.0,qn208,qn1017,qn1017,qn1017,,,
commentEvent,1,0.0,过去12个月，您是否在网站上发表过与政治问题和国家大事相关的言论？,0.0,0.0,1.0,1.0,1.0,1.0,0.0,4.0,1.0,,,qn203,qn203,qn203,qn203,
severityEnv,1,0.0,总的来说，您认为环境问题在我国有多严重？,0.0,1.0,1.0,1.0,1.0,1.0,1.0,6.0,1.0,,qn6012,qn6012,qn6012,qn6012,qn6012,qn6012
severityGap,1,0.0,总的来说，您认为贫富差距问题在我国有多严重？,0.0,1.0,1.0,1.0,1.0,1.0,1.0,6.0,1.0,,qn6013,qn6013,qn6013,qn6013,qn6013,qn6013
severityJob,1,0.0,您认为就业问题在我国有多严重？,0.0,1.0,1.0,1.0,1.0,1.0,1.0,6.0,1.0,,qn6014,qn6014,qn6014,qn6014,qn6014,qn6014
severityEdu,1,0.0,您认为教育问题在我国有多严重？,0.0,1.0,1.0,1.0,1.0,1.0,1.0,6.0,1.0,,qn6015,qn6015,qn6015,qn6015,qn6015,qn6015
severityMedical,1,0.0,您认为医疗问题在我国有多严重？,0.0,1.0,1.0,1.0,1.0,1.0,1.0,6.0,1.0,,qn6016,qn6016,qn6016,qn6016,qn6016,qn6016
severityHousing,1,0.0,您认为住房问题在我国有多严重？,0.0,1.0,1.0,1.0,1.0,1.0,1.0,6.0,1.0,,qn6017,qn6017,qn6017,qn6017,qn6017,qn6017
severitySecurity,1,0.0,您认为社会保障问题在我国有多严重？,0.0,1.0,1.0,1.0,1.0,1.0,1.0,6.0,1.0,,qn6018,qn6018,qn6018,qn6018,qn6018,qn6018
severityCorruption,1,0.0,您认为政府腐败问题在我国有多严重？,0.0,1.0,1.0,1.0,1.0,1.0,1.0,6.0,1.0,,qn6011,qn6011,qn6011,qn6011,qn6011,qn6011
severityOld,1,0.0,您认为养老问题在我国有多严重？,0.0,0.0,0.0,0.0,0.0,0.0,1.0,1.0,0.0,,,,,,,qn6019
severityInfant,1,0.0,您认为托幼（幼儿托育）问题在我国有多严重？,0.0,0.0,0.0,0.0,0.0,0.0,1.0,1.0,0.0,,,,,,,qn6020
rateGovern,1,0.0,总的来说，您认为去年本县/市/区政府工作是否有成绩？,1.0,1.0,1.0,1.0,1.0,1.0,1.0,7.0,1.0,qn4,qn1101,qn1101,qn1101,qn1101,qn1101,qn1101
health,1,0.0,您认为自己的健康状况如何？,1.0,1.0,1.0,1.0,1.0,1.0,1.0,7.0,1.0,qp3,qp201,qp201,qp201,qp201,qp201,qp201
healthComp,1,0.0,您觉得您的健康状况和一年前比较起来如何？,1.0,1.0,1.0,1.0,1.0,1.0,1.0,7.0,1.0,qp301,qp202,qp202,qp202,qp202,qp202,qp202
illness1,1,0.0,过去2周内，您是否有身体不适？,1.0,1.0,1.0,1.0,1.0,1.0,1.0,7.0,1.0,qp4,qp301,qp301,qp301,qp301,qp301,qp301
illness2,1,0.0,过去6个月内，您是否患过经医生诊断的慢性疾病？,1.0,1.0,1.0,1.0,1.0,1.0,1.0,7.0,1.0,qp5,qp401,qp401,qp401,qp401,qp401,qp401
illness3,1,0.0,过去12个月，您是否因病住过院？,1.0,1.0,1.0,1.0,1.0,1.0,1.0,7.0,1.0,qp6,qp501,qp501,pc401,qc401,qc401,qc401
smoke,1,0.0,过去1个月，您是否吸烟？,1.0,1.0,1.0,1.0,1.0,1.0,1.0,7.0,1.0,qq2,qq201,qq201,qq201,qq201,qq201,qq201
drink,1,0.0,过去1个月，您是否每周喝酒3次以上？,1.0,1.0,1.0,1.0,1.0,1.0,1.0,7.0,1.0,qq3,qq301,qq301,qq301,qq301,qq301,qq301
read,1,0.0,过去12个月，不包括以工作和考试为目的的阅读，您有没有阅读过书（含电子书，但不含报刊杂志）？,0.0,0.0,1.0,1.0,1.0,1.0,1.0,5.0,1.0,,,qq1101,pq1101,qq1101,qq1101,qq1101
emotion1,1,0.0,请根据您的实际情况，指出在过去一周内这一感受或行为的发生频率：我感到情绪低落。,0.0,1.0,0.0,1.0,1.0,1.0,1.0,5.0,1.0,,qq6016,,pn406,qn406,qn406,qn406
emotion2,1,0.0,请根据您的实际情况，指出在过去一周内这一感受或行为的发生频率：我觉得做任何事都很费劲。,0.0,1.0,0.0,1.0,1.0,1.0,1.0,5.0,1.0,,qq6017,,pn407,qn407,qn407,qn407
emotion3,1,0.0,请根据您的实际情况，指出在过去一周内这一感受或行为的发生频率：我的睡眠不好。,0.0,1.0,0.0,1.0,1.0,1.0,1.0,5.0,1.0,,qq60111,,pn411,qn411,qn411,qn411
emotion4,1,0.0,"请根据您的实际情况，指出在过去一周内这一感受或行为的发生频率：""我感到愉快。",0.0,1.0,0.0,1.0,1.0,1.0,1.0,5.0,1.0,,qq60112,,pn412,qn412,qn412,qn412
emotion5,1,0.0,请根据您的实际情况，指出在过去一周内这一感受或行为的发生频率：我感到孤独。,0.0,1.0,0.0,1.0,1.0,1.0,1.0,5.0,1.0,,qq60114,,pn414,qn414,qn414,qn414
emotion6,1,0.0,请根据您的实际情况，指出在过去一周内这一感受或行为的发生频率：我生活快乐。,0.0,1.0,0.0,1.0,1.0,1.0,1.0,5.0,1.0,,qq60116,,pn416,qn416,qn416,qn416
emotion7,1,0.0,请根据您的实际情况，指出在过去一周内这一感受或行为的发生频率：我感到悲伤难过。,0.0,1.0,0.0,1.0,1.0,1.0,1.0,5.0,1.0,,qq60118,,pn418,qn418,qn418,qn418
emotion8,1,0.0,请根据您的实际情况，指出在过去一周内这一感受或行为的发生频率：我觉得生活无法继续。,0.0,1.0,0.0,1.0,1.0,1.0,1.0,5.0,1.0,,qq60120,,pn420,qn420,qn420,qn420
parents1,1,0.0,请根据过去12个月的实际情况，选择你家长这一行为的频率：当你做得不对时，家长会问清楚原因，并与你讨论该怎样做。,0.0,0.0,0.0,0.0,0.0,1.0,0.0,1.0,0.0,,,,,,qm201_b_2,
parents2,1,0.0,请根据过去12个月的实际情况，选择你家长这一行为的频率：家长鼓励你努力去做事情。,0.0,0.0,0.0,0.0,0.0,1.0,0.0,1.0,0.0,,,,,,qm202,
parents3,1,0.0,请根据过去12个月的实际情况，选择你家长这一行为的频率：家长在跟你说话的时候很和气。,0.0,0.0,0.0,0.0,0.0,1.0,0.0,1.0,0.0,,,,,,qm203,
parents4,1,0.0,请根据过去12个月的实际情况，选择你家长这一行为的频率：家长鼓励你独立思考问题。,0.0,0.0,0.0,0.0,0.0,1.0,0.0,1.0,0.0,,,,,,qm204,
parents5,1,0.0,请根据过去12个月的实际情况，选择你家长这一行为的频率：家长要你做事时，会跟你讲这样做的原因。,0.0,0.0,0.0,0.0,0.0,1.0,0.0,1.0,0.0,,,,,,qm205,
parents6,1,0.0,请根据过去12个月的实际情况，选择你家长这一行为的频率：家长喜欢跟你说话、交谈。,0.0,0.0,0.0,0.0,0.0,1.0,0.0,1.0,0.0,,,,,,qm206,
parents7,1,0.0,请根据过去12个月的实际情况，选择你家长这一行为的频率：家长问你学校的情况。,0.0,0.0,0.0,0.0,0.0,1.0,0.0,1.0,0.0,,,,,,qm207,
parents8,1,0.0,请根据过去12个月的实际情况，选择你家长这一行为的频率：家长检查你的作业。,0.0,0.0,0.0,0.0,0.0,1.0,0.0,1.0,0.0,,,,,,qm208,
parents9,1,0.0,请根据过去12个月的实际情况，选择你家长这一行为的频率：家长辅导你的功课。,0.0,0.0,0.0,0.0,0.0,1.0,0.0,1.0,0.0,,,,,,qm209,
parents10,1,0.0,请根据过去12个月的实际情况，选择你家长这一行为的频率：家长给你讲故事。,0.0,0.0,0.0,0.0,0.0,1.0,0.0,1.0,0.0,,,,,,qm210,
parents11,1,0.0,请根据过去12个月的实际情况，选择你家长这一行为的频率：家长和你一起玩乐，如下棋、游玩。,0.0,0.0,0.0,0.0,0.0,1.0,0.0,1.0,0.0,,,,,,qm211,
parents12,1,0.0,请根据过去12个月的实际情况，选择你家长这一行为的频率：家长表扬你。,0.0,0.0,0.0,0.0,0.0,1.0,0.0,1.0,0.0,,,,,,qm212,
parents13,1,0.0,请根据过去12个月的实际情况，选择你家长这一行为的频率：家长批评你。,0.0,0.0,0.0,0.0,0.0,1.0,0.0,1.0,0.0,,,,,,qm213,
parents14,1,0.0,请根据过去12个月的实际情况，选择你家长这一行为的频率：家长参加学校召开的家长会。,0.0,0.0,0.0,0.0,0.0,1.0,0.0,1.0,0.0,,,,,,qm214,
emoFreq1,1,0.0,最近1个月，您感到情绪沮丧、郁闷、做什么事情都不能振奋的频率？,1.0,0.0,1.0,0.0,0.0,0.0,0.0,2.0,0.0,qq601,,qq601,,,,
emoFreq2,1,0.0,最近1个月，您感到精神紧张的频率？,1.0,0.0,1.0,0.0,0.0,0.0,0.0,2.0,0.0,qq602,,qq602,,,,
emoFreq3,1,0.0,最近1个月，您感到坐卧不安、难以保持平静的频率？,1.0,0.0,1.0,0.0,0.0,0.0,0.0,2.0,0.0,qq603,,qq603,,,,
emoFreq4,1,0.0,最近1个月，您感到未来没有希望的频率？,1.0,0.0,1.0,0.0,0.0,0.0,0.0,2.0,0.0,qq604,,qq604,,,,
emoFreq5,1,0.0,最近1个月，您做任何事情都感到困难的频率？,1.0,0.0,1.0,0.0,0.0,0.0,0.0,2.0,0.0,qq605,,qq605,,,,
emoFreq6,1,0.0,最近1个月，您认为生活没有意义的频率？,1.0,0.0,1.0,0.0,0.0,0.0,0.0,2.0,0.0,qq606,,qq606,,,,
languageMandarian,1,0.0,您认为能在交流中使用普通话有多重要？,1.0,0.0,0.0,0.0,0.0,0.0,0.0,1.0,0.0,qd101,,,,,,
languageLocal,1,0.0,您认为能在交流中使用本地话有多重要？,1.0,0.0,0.0,0.0,0.0,0.0,0.0,1.0,0.0,qd102,,,,,,
languageEnglish,1,0.0,您认为能在交流中使用英语有多重要？,1.0,0.0,0.0,0.0,0.0,0.0,0.0,1.0,0.0,qd103,,,,,,
languageOther,1,0.0,您认为能在交流中使用其他外语有多重要？,1.0,0.0,0.0,0.0,0.0,0.0,0.0,1.0,0.0,qd104,,,,,,
languageDialect,1,0.0,您认为能在交流中使用外地方言有多重要？,1.0,0.0,0.0,0.0,0.0,0.0,0.0,1.0,0.0,qd105,,,,,,
languageMinority,1,0.0,您认为能在交流中使用少数民族语言有多重要？,1.0,0.0,0.0,0.0,0.0,0.0,0.0,1.0,0.0,qd106,,,,,,
abilityMandarian,1,0.0,您认为自己在交流中使用普通话的能力如何？,0.0,1.0,0.0,0.0,0.0,0.0,0.0,1.0,0.0,,qd1011,,,,,
abilityLocal,1,0.0,您认为自己在交流中使用本地话的能力如何？,0.0,1.0,0.0,0.0,0.0,0.0,0.0,1.0,0.0,,qd1012,,,,,
abilityEnglish,1,0.0,您认为自己在交流中使用英语的能力如何？,0.0,1.0,0.0,0.0,0.0,0.0,0.0,1.0,0.0,,qd1013,,,,,
abilityOther,1,0.0,您认为自己在交流中使用其他外语的能力如何？,0.0,1.0,0.0,0.0,0.0,0.0,0.0,1.0,0.0,,qd1014,,,,,
abilityMinority,1,0.0,您认为自己在交流中使用少数民族语言的能力如何？,0.0,1.0,0.0,0.0,0.0,0.0,0.0,1.0,0.0,,qd1015,,,,,
useMandarian,1,0.0,您平常与家人交谈主要使用普通话吗？,1.0,1.0,0.0,0.0,0.0,0.0,0.0,2.0,0.0,qd2,qd201,,,,,
examCET4,1,0.0,您是否通过全国大学英语四级或六级考试？,0.0,1.0,0.0,0.0,0.0,0.0,0.0,1.0,0.0,,qd202,,,,,
schoolCity,1,0.0,您目前就读的学校所在地属于省会城市或一般城市（包括县级市、地级市）吗？,0.0,1.0,1.0,0.0,0.0,0.0,0.0,2.0,0.0,,kra2,kra2,,,,
schoolTop,1,0.0,您就读的是否是示范学校(包括重点学校）？,0.0,1.0,1.0,1.0,1.0,1.0,1.0,6.0,1.0,,kr402ma,kr402ma,ps602,qs602,qs602,qs602
schoolMoney,1,0.0,您是否为入读这所学校而缴纳过赞助费(或借读费)？,0.0,1.0,1.0,1.0,1.0,1.0,1.0,6.0,1.0,,kr402mc,kr402mc,pr3,qr3,qr3,qr3
schoolHukou,1,0.0,为了能上这所学校，您家是否变更了居住地或户口地址？,0.0,1.0,1.0,0.0,0.0,0.0,0.0,2.0,0.0,,kr402md,kr402md,,,,
classTop,1,0.0,您所在的班级是重点班吗？,1.0,1.0,1.0,1.0,1.0,1.0,1.0,7.0,1.0,kr403,kr403,kr403,ps604,qs604,qs604,qs604
schoolPublic,1,0.0,您就读的是否是公立学校？,0.0,0.0,0.0,1.0,1.0,1.0,1.0,4.0,1.0,,,,ps601,qs601,qs601,qs601
schoolResidence,1,0.0,为了能上这所学校，您家是否变更了居住地？,0.0,0.0,0.0,1.0,1.0,1.0,1.0,4.0,1.0,,,,pr5,qr5,qr5,qr5
schoolHukou2,1,0.0,为了能上这所学校，您家是否变更了户口地址？,0.0,0.0,0.0,1.0,1.0,1.0,1.0,4.0,1.0,,,,pr7,qr7,qr7,qr7
schoolNear,1,0.0,您是否通过“就近入学”政策进入这所学校就读？,0.0,0.0,0.0,1.0,1.0,1.0,1.0,4.0,1.0,,,,pr1,qr1,qr1,qr1
tutorParticipate,1,0.0,最近非寒暑假的1个月，您参加过或正在辅导班吗？,0.0,0.0,0.0,1.0,1.0,1.0,1.0,4.0,1.0,,,,pt1,pt1,pt1,pt1
tutorAcademic,1,0.0,最近非寒暑假的1个月，您是否参加过学校课程辅导（如语文、数学、英语、物理、化学、生物、地理等科目）？,0.0,0.0,0.0,1.0,1.0,1.0,1.0,4.0,1.0,,,,pt2,pt2,pt2,pt2
tutorCompetition,1,0.0,最近非寒暑假的1个月，您是否参加过竞赛辅导（如奥赛、华杯赛、希望杯等）？,0.0,0.0,0.0,1.0,1.0,1.0,1.0,4.0,1.0,,,,pt3,pt3,pt3,pt3
tutorNonacademic,1,0.0,最近非寒暑假的1个月，您是否参加过才艺培养班（如琴、棋、书、画、体育等）？,0.0,0.0,0.0,1.0,1.0,1.0,1.0,4.0,1.0,,,,pt4,pt4,pt4,pt4
tutorMind,1,0.0,最近非寒暑假的1个月，您是否参加过心智开发班（如珠心算、魔方、右脑开发等）？,0.0,0.0,0.0,1.0,1.0,1.0,1.0,4.0,1.0,,,,pt5,pt5,pt5,pt5
tutorParents,1,0.0,最近非寒暑假的1个月，您是否参加过亲子活动班？,0.0,0.0,0.0,1.0,0.0,0.0,0.0,1.0,0.0,,,,pt6,,,
tutorOther,1,0.0,最近非寒暑假的1个月，您是否参加过其他辅导班？,0.0,0.0,0.0,1.0,1.0,1.0,1.0,4.0,1.0,,,,pt7,pt7,pt7,pt7
tutorPrivate,1,0.0,最近非寒暑假的1个月，您是否请家教辅导？,0.0,0.0,0.0,0.0,1.0,1.0,1.0,3.0,0.0,,,,,pt8,pt8,pt8
examDanwei,1,0.0,您将来是否计划参加国家公务员考试（不包括地方公务员考试）？,0.0,1.0,0.0,0.0,0.0,0.0,0.0,1.0,0.0,,ks802,,,,,
feeTuition,1,0.0,过去12个月，您家是否向您就读的学校支付了学杂费？,0.0,0.0,0.0,1.0,1.0,1.0,1.0,4.0,1.0,,,,pd501a,pd501a,pd501a,pd501a
feeLiving,1,0.0,过去12个月，您家是否向您就读的学校支付了在校伙食、在校住宿、校车费？,0.0,0.0,0.0,1.0,1.0,1.0,1.0,4.0,1.0,,,,pd502a,pd502a,pd502a,pd502a
feeBook,1,0.0,过去12个月，您家是否向您就读的学校支付了教材、参考书费或学习用具费？,0.0,0.0,0.0,1.0,1.0,1.0,1.0,4.0,1.0,,,,pd503a,pd503a,pd503a,pd503a
feeOther,1,0.0,过去12个月，您家是否向您就读的学校支付了以上提到内容外的其他费用，如学校组织的参观、交流、活动费用，服装费和乐器、体育用品购买或租用费等？,0.0,0.0,0.0,1.0,1.0,1.0,1.0,4.0,1.0,,,,pd504a,pd504a,pd504a,pd504a
toChild,0,0.0,最近6个月，您与您的子女们关系如何？,1.0,1.0,0.0,1.0,1.0,1.0,1.0,6.0,1.0,qf1_a_*,qf1*,,qf1*,qf1*,qf1*,qf1*
toChildEcon,0,0.0,过去6个月，您是否为您的子女们提供经济帮助？（包括实物和现金）,1.0,1.0,0.0,1.0,0.0,1.0,1.0,5.0,1.0,qf2_s_*,qf2*,,qf201*,,qf201*,qf201*
toChildRear,0,0.0,过去6个月，您是否为您的子女们料理家务或照看小孩？,1.0,1.0,0.0,1.0,1.0,1.0,1.0,6.0,1.0,qf2_s_*,qf2*,,qf203*,qf203*,qf203*,qf203*
toChildRearFreq,0,0.0,过去6个月，您有多经常为您的子女们料理家务或照看小孩？,0.0,0.0,0.0,1.0,1.0,1.0,1.0,4.0,1.0,,,,qf204*,qf204*,qf204*,qf204*
fromChildEcon,0,0.0,过去6个月，您的子女们是否为您提供经济帮助（包括实物和现金）？,0.0,1.0,0.0,1.0,1.0,1.0,1.0,5.0,1.0,,qf3*,,qf301*,qf301*,qf301*,qf301*
fromChildLiving,0,0.0,过去6个月，您的子女们是否为您料理家务或照顾您的饮食起居？,0.0,1.0,0.0,1.0,1.0,1.0,1.0,5.0,1.0,,qf3*,,qf303*,qf303*,qf303*,qf303*
fromChildLivingFreq,0,0.0,过去6个月，您的子女们有多经常为您料理家务或照顾您的饮食起居？,0.0,0.0,0.0,1.0,1.0,1.0,1.0,4.0,1.0,,,,qf304*,qf304*,qf304*,qf304*
fromChildVisit,0,0.0,过去6个月，您多经常能见到您的子女们？,0.0,0.0,0.0,1.0,1.0,1.0,1.0,4.0,1.0,,,,qf305*,qf305*,qf305*,qf305*
fromChildContact,0,0.0,过去6个月，您多经常通过电话、手机短信、信件或者电子邮件与您的子女们联系？,0.0,0.0,0.0,1.0,1.0,1.0,1.0,4.0,1.0,,,,qf306*,qf306*,qf306*,qf306*
toFather,1,0.0,过去6个月，您与您的父亲关系如何？,0.0,0.0,0.0,1.0,1.0,1.0,1.0,4.0,1.0,,,,qf5_a_1,qf5_a_1,qf5_a_1,qf5_a_1
toFatherEcon,1,0.0,过去6个月，您是否为父亲提供经济帮助？,0.0,0.0,0.0,1.0,1.0,1.0,1.0,4.0,1.0,,,,qf601_a_1,qf601_a_1,qf601_a_1,qf601_a_1
toFatherLiving,1,0.0,过去6个月，您是否为您的父亲料理家务或照顾他的饮食起居？,0.0,0.0,0.0,1.0,1.0,1.0,1.0,4.0,1.0,,,,qf603_a_1,qf603_a_1,qf603_a_1,qf603_a_1
toFatherLivingFreq,1,0.0,过去6个月，您有多经常为您的父亲料理家务或照顾他的饮食起居？,0.0,0.0,0.0,1.0,1.0,1.0,1.0,4.0,1.0,,,,qf604_a_1,qf604_a_1,qf604_a_1,qf604_a_1
toMother,1,0.0,过去6个月，您与您的母亲关系如何？,0.0,0.0,0.0,1.0,1.0,1.0,1.0,4.0,1.0,,,,qf5_a_2,qf5_a_2,qf5_a_2,qf5_a_2
toMotherEcon,1,0.0,过去6个月，您是否为母亲提供经济帮助？,0.0,0.0,0.0,1.0,1.0,1.0,1.0,4.0,1.0,,,,qf601_a_2,qf601_a_2,qf601_a_2,qf601_a_2
toMotherLiving,1,0.0,过去6个月，您是否为您的母亲料理家务或照顾她的饮食起居？,0.0,0.0,0.0,1.0,1.0,1.0,1.0,4.0,1.0,,,,qf603_a_2,qf603_a_2,qf603_a_2,qf603_a_2
toMotherLivingFreq,1,0.0,过去6个月，您有多经常为您的母亲料理家务或照顾她的饮食起居？,0.0,0.0,0.0,1.0,1.0,1.0,1.0,4.0,1.0,,,,qf604_a_2,qf604_a_2,qf604_a_2,qf604_a_2
fromFatherEcon,1,0.0,过去6个月，您的父亲是否为您提供经济帮助？,0.0,0.0,0.0,1.0,1.0,1.0,1.0,4.0,1.0,,,,qf701_a_1,qf701_a_1,qf701_a_1,qf701_a_1
fromFatherRear,1,0.0,过去6个月，您的父亲是否为您料理家务或帮您照看孩子？,0.0,0.0,0.0,1.0,1.0,1.0,1.0,4.0,1.0,,,,qf703_a_1,qf703_a_1,qf703_a_1,qf703_a_1
fromFatherRearFreq,1,0.0,过去6个月，您的父亲有多经常为您料理家务或帮您照看孩子？,0.0,0.0,0.0,1.0,1.0,1.0,1.0,4.0,1.0,,,,qf704_a_1,qf704_a_1,qf704_a_1,qf704_a_1
fromFatherVisit,1,0.0,过去6个月，您多经常能见到您的父亲？,0.0,0.0,0.0,1.0,1.0,1.0,1.0,4.0,1.0,,,,qf705_a_1,qf705_a_1,qf705_a_1,qf705_a_1
fromFatherContact,1,0.0,过去6个月，您多经常通过电话、手机短信、信件或者电子邮件与您的父亲联系？,0.0,0.0,0.0,1.0,1.0,1.0,1.0,4.0,1.0,,,,qf706_a_1,qf706_a_1,qf706_a_1,qf706_a_1
fromMotherEcon,1,0.0,过去6个月，您的母亲是否为您提供经济帮助？,0.0,0.0,0.0,1.0,1.0,1.0,1.0,4.0,1.0,,,,qf701_a_2,qf701_a_2,qf701_a_2,qf701_a_2
fromMotherRear,1,0.0,过去6个月，您的母亲是否为您料理家务或帮您照看孩子？,0.0,0.0,0.0,1.0,1.0,1.0,1.0,4.0,1.0,,,,qf703_a_2,qf703_a_2,qf703_a_2,qf703_a_2
fromMotherRearFreq,1,0.0,过去6个月，您的母亲有多经常为您料理家务或帮您照看孩子？,0.0,0.0,0.0,1.0,1.0,1.0,1.0,4.0,1.0,,,,qf704_a_2,qf704_a_2,qf704_a_2,qf704_a_2
fromMotherVisit,1,0.0,过去6个月，您多经常能见到您的母亲？,0.0,0.0,0.0,1.0,1.0,1.0,1.0,4.0,1.0,,,,qf705_a_2,qf705_a_2,qf705_a_2,qf705_a_2
fromMotherContact,1,0.0,过去6个月，您多经常通过电话、手机短信、信件或者电子邮件与您的母亲联系？,0.0,0.0,0.0,1.0,1.0,1.0,1.0,4.0,1.0,,,,qf706_a_2,qf706_a_2,qf706_a_2,qf706_a_2
knowWhomWith,1,0.0,当你不在家时，父母有多大比例的时间知道你和谁在一起？,0.0,0.0,0.0,0.0,0.0,0.0,1.0,1.0,0.0,,,,,,,qk6
pocketMoney,1,0.0,不算压岁钱，你平时有零花钱吗？,0.0,0.0,0.0,0.0,0.0,0.0,1.0,1.0,0.0,,,,,,,qk7m
fulltime,1,0.0,您是否有过正式的、连续超过6个月的工作经历（工作含务农、自雇）？,1.0,0.0,0.0,0.0,0.0,0.0,0.0,1.0,0.0,qg2,,,,,,
parttime,1,0.0,您去年有兼职或第二职业吗？,1.0,0.0,0.0,0.0,0.0,0.0,0.0,1.0,0.0,qg7,,,,,,
fulltime2y,1,0.0,最近两年，您是否有过全职工作的经历？,0.0,0.0,1.0,1.0,1.0,1.0,1.0,5.0,1.0,,,qga1,qga1,qga1,qga1,qga1
parttime2,1,0.0,过去12个月，您是否有过实习或兼职？无论是否有收入都算。,0.0,0.0,1.0,1.0,1.0,1.0,1.0,5.0,1.0,,,qga101,qga101,qga101,qga101,qga101
fulltime2y2,1,0.0,请问最近两年您是否有过任何工作？农业工作、挣工资的工作、个体/私营经济活动都算作有工作。 ,0.0,1.0,1.0,1.0,1.0,1.0,1.0,6.0,1.0,,qg1011,egc105,egc105,egc105,egc105,egc105
findJob,1,0.0,请问，过去的1个月，您是否积极努力地去找工作了？,1.0,0.0,0.0,0.0,0.0,0.0,0.0,1.0,0.0,qj1,,,,,,
jobStatus,1,0.0,您现在有工作吗？ ,1.0,1.0,0.0,0.0,0.0,0.0,0.0,2.0,0.0,qg3,qg101,,,,,
workStatus,1,0.0,过去一周您是否工作了至少1个小时？ ,0.0,1.0,1.0,1.0,1.0,1.0,1.0,6.0,1.0,,qg102,qgb1,qgb1,qgb1,qgb1,qgb1
leaveStatus1,1,0.0,您是不是有工作但是目前正处在临时放假、休病假或其他假期中，或正在在职培训？,0.0,1.0,1.0,1.0,1.0,1.0,1.0,6.0,1.0,,qg103,qgb2,qgb2,qgb2,qgb2,qgb2
leaveStatus2,1,0.0,您能够在确定的时间或者6个月以内，回到原来的工作岗位么？,0.0,1.0,1.0,1.0,1.0,1.0,1.0,6.0,1.0,,qg105,qgb201,qgb201,qgb201,qgb201,qgb201
leaveStatus3,1,0.0,您是否从事个体经营活动，但是目前处于生意淡季，等过一段时间还会继续经营？,0.0,1.0,1.0,1.0,1.0,1.0,1.0,6.0,1.0,,qg108,qgb3,qgb3,qgb3,qgb3,qgb3
leaveStatus4,1,0.0,您是否从事农业方面的工作（包括种地、管理果树、采集农林产品、养鱼、打渔、养牲畜以及去市场销售农产品等），但是目前处于农闲季节？,0.0,1.0,1.0,1.0,1.0,1.0,1.0,6.0,1.0,,qg109,qgb4,qgb4,qgb4,qgb4,qgb4
findJob2,1,0.0,您过去一月是否找过工作？,0.0,1.0,1.0,1.0,1.0,1.0,1.0,6.0,1.0,,qg106,qgb5,qgb5,qgb5,qgb5,qgb5
startJob,1,0.0,如有工作机会您能否在两周内开始工作？,0.0,1.0,1.0,1.0,1.0,1.0,1.0,6.0,1.0,,qg107,qgb501,qgb501,qgb501,qgb501,qgb501
informalJob,1,0.0,过去一年里，您有没有至少10天在为其他农户做农活/打散工挣钱？,0.0,1.0,0.0,0.0,0.0,0.0,0.0,1.0,0.0,,qg301,,,,,
agriOther,1,0.0,除了农业劳动，您现在是否还从事其他有薪酬的非农业劳动？,1.0,0.0,0.0,0.0,0.0,0.0,0.0,1.0,0.0,qh4,,,,,,
leader,1,0.0,您是否有行政/管理职务？ ,1.0,0.0,1.0,1.0,1.0,1.0,1.0,6.0,1.0,qh407,,qg14,qg14,qg14,qg14,qg14
nonAgri,1,0.0,过去一年，您是否从事过挣工资的非农工作（不含为其他农户做农活挣钱）？,0.0,1.0,0.0,0.0,0.0,0.0,0.0,1.0,0.0,,qg401,,,,,
leader2,1,0.0,您在这家公司/这个单位/这项生意中是否有直接的下属？,0.0,1.0,1.0,1.0,1.0,1.0,1.0,6.0,1.0,,qg706,qg17,qg17,qg17,qg17,qg17
jobCompany,1,0.0,您这份工作是受雇于他人/他家/组织/单位/公司吗？,0.0,0.0,1.0,1.0,1.0,1.0,1.0,5.0,1.0,,,qg1,qg1,qg1,qg1,qg1
jobAgri,1,0.0,您这份工作是农业工作吗？,0.0,0.0,1.0,1.0,1.0,1.0,1.0,5.0,1.0,,,qg101,qg101,qg101,qg101,qg101
jobSelf,1,0.0,您这份工作的雇主是否是个体工商户？,0.0,0.0,1.0,1.0,1.0,1.0,1.0,5.0,1.0,,,qg201,qg201,qg201,qg201,qg201
jobDanwei,1,0.0,请问您在这份工作单位中是否有编制？,0.0,0.0,0.0,1.0,1.0,1.0,1.0,4.0,1.0,,,,qg2032,qg2032,qg2032,qg2032
jobSatisfyIncome,1,0.0,您对这份工作的收入有多满意？,1.0,0.0,0.0,1.0,1.0,1.0,1.0,5.0,1.0,qg501,,,qg401,qg401,qg401,qg401
jobSatisfySecurity,1,0.0,您对这份工作的安全性有多满意？,1.0,0.0,0.0,1.0,1.0,1.0,1.0,5.0,1.0,qg502,,,qg402,qg402,qg402,qg402
jobSatisfyEnv,1,0.0,您对这份工作的工作环境有多满意？,1.0,0.0,0.0,1.0,1.0,1.0,1.0,5.0,1.0,qg503,,,qg403,qg403,qg403,qg403
jobSatisfyTime,1,0.0,您对这份工作的工作时间有多满意？,1.0,0.0,0.0,1.0,1.0,1.0,1.0,5.0,1.0,qg504,,,qg404,qg404,qg404,qg404
jobSatisfyOpportunity,1,0.0,您对这份工作的晋升机会有多满意？,1.0,0.0,0.0,1.0,1.0,1.0,1.0,5.0,1.0,qg505,,,qg405,qg405,qg405,qg405
jobSatisfy,1,0.0,总的来说，您对这份工作有多满意？,1.0,0.0,1.0,1.0,1.0,1.0,1.0,6.0,1.0,qg506,,qg4,qg406,qg406,qg406,qg406
jobContract,1,0.0,您在这份工作中是否签订了合同？,0.0,0.0,1.0,1.0,1.0,1.0,1.0,5.0,1.0,,,qg5,qg5,qg5,qg5,qg5
jobContractDue,1,0.0,您与工作单位或雇主在合同中是否约定了合同期限？,0.0,0.0,0.0,1.0,1.0,1.0,1.0,4.0,1.0,,,,qg501,qg501,qg501,qg501
jobContractThird,1,0.0,您是与劳务派遣单位/劳务中介单位签定的这份合同吗？,0.0,0.0,0.0,1.0,1.0,1.0,1.0,4.0,1.0,,,,qg502,qg502,qg502,qg502
jobHousing,1,0.0,您这份工作是否提供住房公积金？,0.0,0.0,1.0,1.0,0.0,1.0,1.0,4.0,1.0,,,qg10,qg10,,qg10,qg10
jobNightTime,1,0.0,过去12个月，这份工作平均多久需要您上夜班？,0.0,0.0,0.0,0.0,0.0,1.0,1.0,2.0,0.0,,,,,,qg601,qg601
jobWeekend,1,0.0,过去12个月，这份工作平均多久需要您在周六周日上班？,0.0,0.0,0.0,0.0,0.0,1.0,1.0,2.0,0.0,,,,,,qg602,qg602
job24h,1,0.0,是否因为这份工作的需要，您的手机24小时都不能关机，要随时待命？,0.0,0.0,0.0,0.0,0.0,1.0,1.0,2.0,0.0,,,,,,qg603,qg603
jobFree,1,0.0,过去12个月，在这份工作中，您多大程度上能安排自己的上下班时间?,0.0,0.0,0.0,0.0,0.0,1.0,1.0,2.0,0.0,,,,,,qg604,qg604
jobSupport,1,0.0,您获得这份工作是否受到过他人的帮助？,0.0,0.0,1.0,1.0,1.0,1.0,1.0,5.0,1.0,,,qg1303,qg1303,qg1303,qg1303,qg1303
jobLanguage,1,0.0,您从事这份工作是否需要用到外语？,0.0,0.0,1.0,1.0,1.0,1.0,1.0,5.0,1.0,,,qg18,qg18,qg18,qg18,qg18
jobComputer,1,0.0,您从事这份工作是否需要用到计算机？,0.0,0.0,1.0,1.0,1.0,1.0,1.0,5.0,1.0,,,qg19,qg19,qg19,qg19,qg19
futureConfidence,1,0.0,您对自己的前途有多大信心？,1.0,0.0,0.0,0.0,0.0,0.0,0.0,1.0,0.0,qk803,,,,,,
rateRelation,1,0.0,您认为自己在与人相处方面能打几分？,1.0,0.0,0.0,0.0,0.0,0.0,0.0,1.0,0.0,qk804,,,,,,
retire,1,0.0,您是否办理了（从机关、事业单位、企业的）退休或退职手续（包括提前退休与内退）？,0.0,1.0,1.0,1.0,1.0,1.0,1.0,6.0,1.0,,qi101,qi101,qi101,qi101,qi101,qi101
pension,1,0.0,您是否办理了领取养老金的手续？,0.0,1.0,0.0,1.0,1.0,1.0,1.0,5.0,1.0,,qi103,,qi1011,qi1011,qi1011,qi1011
pensionDanwei,1,0.0,您是否从原所在机关或事业单位领取离退休金？,0.0,0.0,0.0,1.0,1.0,1.0,1.0,4.0,1.0,,,,qi200,qi200,qi200,qi200
pensionInsurance,1,0.0,您是否领取养老保险（如基本养老保险、企业补充养老保险、商业养老保险、农村养老保险（老农保）、新型农村社会养老保险（新农保）、城镇居民养老保险等）？,0.0,0.0,0.0,1.0,1.0,1.0,1.0,4.0,1.0,,,,qi2001,qi2001,qi2001,qi2001
train,1,0.0,到目前为止，你是否乘坐过火车？,0.0,0.0,0.0,0.0,0.0,1.0,1.0,2.0,0.0,,,,,,wl6,wl6
plane,1,0.0,到目前为止，你是否乘坐过飞机？,0.0,0.0,0.0,0.0,0.0,1.0,1.0,2.0,0.0,,,,,,wl7,wl7
infoTrust,1,0.0,当微信朋友圈获得的信息与官方媒体（如中央电视台、央视网、人民日报等）发布的信息不一致时，您会选择相信微信朋友圈吗？,0.0,0.0,0.0,0.0,0.0,1.0,0.0,1.0,0.0,,,,,,qu13,
info1,1,0.0,您多大程度上担心网络使用中透露个人信息所产生的风险？,0.0,0.0,0.0,0.0,0.0,1.0,0.0,1.0,0.0,,,,,,qu110,
info2,1,0.0,您是否可以接受政府收集所有人的个人信息以维护社会稳定？,0.0,0.0,0.0,0.0,0.0,1.0,0.0,1.0,0.0,,,,,,qu121,
info3,1,0.0,您是否可以接受基因测试公司将客户信息提供给执法部门以协助破案。,0.0,0.0,0.0,0.0,0.0,1.0,0.0,1.0,0.0,,,,,,qu122,
info4,1,0.0,您是否可以接受手机运用管理软件将客户信息分享给医疗研究人员以开展关于运动与心脏疾病之间关系的研究。,0.0,0.0,0.0,0.0,0.0,1.0,0.0,1.0,0.0,,,,,,qu123,
email,1,0.0,您是否收发过电子邮件？,0.0,0.0,1.0,1.0,1.0,0.0,0.0,3.0,0.0,,,ku230,ku230,qu230,,
leadership,1,0.0,当你与其他孩子一起玩耍时，大多数时候大家都会听你的吗？,0.0,0.0,0.0,0.0,0.0,1.0,1.0,2.0,0.0,,,,,,qm20,qm20
buddhism1,1,0.0,您是否信仰佛教？,0.0,1.0,0.0,1.0,0.0,1.0,1.0,4.0,1.0,,buddhism1,,buddhism1,,qm7001,qaxm1
buddhism2,1,0.0,您是否相信佛或菩萨？,0.0,0.0,1.0,0.0,1.0,1.0,1.0,4.0,1.0,,,buddhism2,,qm6010,qm6001,qaxm101
taoism1,1,0.0,您是否信仰道教？,0.0,1.0,0.0,1.0,0.0,1.0,1.0,4.0,1.0,,taoism1,,taoism1,,qm7002,qaxm2
taoism2,1,0.0,您是否相信太上老君等神仙？,0.0,0.0,1.0,0.0,1.0,1.0,1.0,4.0,1.0,,,taoism2,,qm6011,qm6002,qaxm201
islam1,1,0.0,您是否信仰伊斯兰教？,0.0,1.0,0.0,1.0,0.0,1.0,1.0,4.0,1.0,,islam1,,islam1,,qm7003,qaxm3
islam2,1,0.0,您是否相信真主安拉？,0.0,0.0,1.0,0.0,1.0,1.0,1.0,4.0,1.0,,,islam2,,qm6012,qm6003,qaxm301
catho1,1,0.0,您是否信仰天主教？,0.0,1.0,0.0,1.0,0.0,1.0,1.0,4.0,1.0,,catho1,,catho1,,qm7004,qaxm4
catho2,1,0.0,您是否相信天主？,0.0,0.0,1.0,0.0,1.0,1.0,1.0,4.0,1.0,,,catho2,,qm6013,qm6004,qaxm401
christ1,1,0.0,您是否信仰基督教？,0.0,1.0,0.0,1.0,0.0,1.0,1.0,4.0,1.0,,christ1,,christ1,,qm7005,qaxm5
christ2,1,0.0,您是否相信耶稣基督？,0.0,0.0,1.0,0.0,1.0,1.0,1.0,4.0,1.0,,,christ2,,qm6014,qm6005,qaxm501
faithCert1,1,0.0,您是否有皈依证或居士证？,0.0,0.0,0.0,0.0,0.0,0.0,1.0,1.0,0.0,,,,,,,qaxm6
faithCert2,1,0.0,您是否已经受洗了？,0.0,0.0,0.0,0.0,0.0,0.0,1.0,1.0,0.0,,,,,,,qaxm7
faithFreq,1,0.0,过去一年，您烧香/拜佛/做主麻/做礼拜的频率有多高？,0.0,0.0,0.0,0.0,0.0,0.0,1.0,1.0,0.0,,,,,,,qaxm8
faithPolicy,1,0.0,您是否听说过《宗教事务条例》吗？,0.0,0.0,0.0,0.0,0.0,0.0,1.0,1.0,0.0,,,,,,,qaxm12
faithAncestor,1,0.0,您是否相信祖先？,0.0,0.0,1.0,0.0,1.0,1.0,0.0,3.0,0.0,,,faithAncestor,,qm6015,qm8001,
faithGhost,1,0.0,您是否相信鬼？,0.0,0.0,0.0,0.0,1.0,1.0,0.0,2.0,0.0,,,,,qm6016,qm8002,
faithFengshui,1,0.0,您是否相信风水？,0.0,0.0,0.0,0.0,1.0,1.0,0.0,2.0,0.0,,,,,qm6017,qm8003,
faithDestiny,1,0.0,您是否相信命？,0.0,0.0,0.0,0.0,0.0,1.0,0.0,1.0,0.0,,,,,,qm8004,
faithFreq2,1,0.0,您烧香/拜佛的频率有多高？,0.0,0.0,1.0,1.0,0.0,1.0,0.0,3.0,0.0,,,qm602a,qm602a,,qm602a,
faithFreq3,1,0.0,您做礼拜的频率有多高？,0.0,0.0,1.0,1.0,0.0,1.0,0.0,3.0,0.0,,,qm602b,qm602b,,qm602b,
faithImportance,1,0.0,不管您是否参加宗教活动/事宜，宗教对您来说有多重要？,0.0,1.0,1.0,1.0,0.0,0.0,0.0,3.0,0.0,,qm603,qm603,qm603,,,
faithFreq4,1,0.0,您大概多常参加宗教活动/事宜？,0.0,1.0,0.0,0.0,0.0,0.0,0.0,1.0,0.0,,qm602,,,,,
memberParty,1,0.0,您是否是中国共产党党员？ ,1.0,1.0,1.0,1.0,1.0,1.0,1.0,7.0,1.0,memberParty,memberParty,memberParty,qn4001,qn4001,qn4001,qn4001
memberYouthLeague,1,0.0,您是否是共青团团员？,1.0,1.0,1.0,1.0,1.0,1.0,1.0,7.0,1.0,memberYouthLeague,memberYouthLeague,memberYouthLeague,qn4002,qn4002,qn4002,qn4002
memberUnion,1,0.0,您是否是工会成员？,1.0,1.0,1.0,1.0,1.0,1.0,1.0,7.0,1.0,memberUnion,memberUnion,memberUnion,qn4003,qn4003,qn4003,qn4003
memberFaith,1,0.0,您是否是宗教/信仰团体成员？,1.0,1.0,1.0,1.0,1.0,1.0,1.0,7.0,1.0,memberFaith,memberFaith,memberFaith,qn4004,qn4004,qn4004,qn4004
memberOther,1,0.0,您是否是个体劳动者协会成员？,1.0,1.0,1.0,1.0,1.0,1.0,1.0,7.0,1.0,memberOther,memberOther,memberOther,qn4005,qn4005,qn4005,qn4005
vote,1,0.0,您在最近一次本村/居委会的选举中有没有投过票？,0.0,0.0,1.0,0.0,0.0,1.0,1.0,3.0,0.0,,,qn7,,,qn7,qn7
voteSelf,1,0.0,您投票是自发去的吗？,0.0,0.0,1.0,0.0,0.0,0.0,0.0,1.0,0.0,,,qn701,,,,
welfareHousing,1,0.0,您本人是否购买过单位或者地方政府提供的福利性住房（不包括其他家庭成员）？,0.0,0.0,0.0,0.0,0.0,0.0,1.0,1.0,0.0,,,,,,,qd5
donate,1,0.0,过去12个月，请问您个人是否向任何组织或个人捐过款？,0.0,0.0,0.0,0.0,1.0,0.0,0.0,1.0,0.0,,,,,qph1,,
livingFacilities,1,0.0,请问您所住小区周边教育、医疗、交通等公共设施整体情况如何？,0.0,0.0,0.0,1.0,0.0,0.0,0.0,1.0,0.0,,,,ce1,,,
livingEnv,1,0.0,请问您所住小区周边环境（是否有噪声污染、垃圾堆放等情况）情况如何？,0.0,0.0,0.0,1.0,0.0,0.0,0.0,1.0,0.0,,,,ce2,,,
livingSecurity,1,0.0,请问您所住小区周边治安情况如何？,0.0,0.0,0.0,1.0,0.0,0.0,0.0,1.0,0.0,,,,ce3,,,
livingRelation,1,0.0,总体来看，您觉得您所住小区的邻里关系如何？,0.0,0.0,0.0,1.0,0.0,0.0,0.0,1.0,0.0,,,,ce4,,,
livingHelp,1,0.0,如果您需要邻居帮助，您觉得会有人帮忙吗？,0.0,0.0,0.0,1.0,0.0,0.0,0.0,1.0,0.0,,,,ce5,,,
livingEmotion,1,0.0,您对您所住的小区有感情吗？,0.0,0.0,0.0,1.0,0.0,0.0,0.0,1.0,0.0,,,,ce6,,,
livingSafety,1,0.0,您怎样评价您现常居住地目前的社会治安状况？,0.0,0.0,1.0,0.0,0.0,0.0,0.0,1.0,0.0,,,qn1201,,,,
illSeverity,1,0.0,您自己感觉到所患病伤的严重程度？,1.0,1.0,1.0,1.0,1.0,1.0,1.0,7.0,1.0,qp402,qp303,qp303,qp303,qp303,qp303,qp303
illDoctor,1,0.0,您是否找医生看过？,1.0,1.0,1.0,1.0,1.0,1.0,1.0,7.0,1.0,qp403,qp304,qp304,qp304,qp304,qp304,qp304
illTime,1,0.0,您被医生确诊的时间是何时？,1.0,0.0,0.0,0.0,0.0,0.0,0.0,1.0,0.0,qp502_a_1,,,,,,
illTreat,1,0.0,您在过去的半年内是否进行了治疗？ ,1.0,0.0,0.0,0.0,0.0,0.0,0.0,1.0,0.0,qp503_a_1,,,,,,
illBronchitis,1,0.0,过去六个月内，您是否患过经医生诊断的支气管炎？,0.0,0.0,0.0,0.0,1.0,0.0,0.0,1.0,0.0,,,,,qp501,,
illAsthma,1,0.0,过去六个月内，您是否患过经医生诊断的哮喘？,0.0,0.0,0.0,0.0,1.0,0.0,0.0,1.0,0.0,,,,,qp502,,
illCondition,1,0.0,您认为看病点的整体就医条件如何？,1.0,1.0,1.0,1.0,1.0,1.0,1.0,7.0,1.0,qp711,qp602,qp602,qp602,qp602,qp602,qp602
illLevel,1,0.0,您认为看病点的医疗水平如何？,1.0,1.0,1.0,1.0,1.0,1.0,1.0,7.0,1.0,qp712,qp603,qp603,qp603,qp603,qp603,qp603
illZhongyi,1,0.0,如果看病点有中医，您会选择看中医吗？,1.0,1.0,1.0,0.0,0.0,0.0,0.0,3.0,0.0,qp713,qp604,qp604,,,,
eatMeat,1,0.0,包括猪、牛、羊、鸡、鸭等家禽家畜类，或鱼虾贝等水产品。过去一周，您是否吃过肉？ ,0.0,0.0,0.0,0.0,0.0,1.0,1.0,2.0,0.0,,,,,,qp801n,qp801n
eatFruit,1,0.0,过去一周，您是否吃过新鲜蔬菜或水果,0.0,0.0,0.0,0.0,0.0,1.0,1.0,2.0,0.0,,,,,,qp802n,qp802n
activityOutdoor,1,0.0,您是否能独立去户外活动（步行300米左右，如去车站、购物中心、停车场）？,1.0,1.0,1.0,1.0,1.0,1.0,1.0,7.0,1.0,activityOutdoor,activityOutdoor,activityOutdoor,qq1011,qq1011,qq1011,qq1011
activityEat,1,0.0,您是否独立进餐（准备一杯茶、掰馒头、夹菜）？,1.0,1.0,1.0,1.0,1.0,1.0,1.0,7.0,1.0,activityEat,activityEat,activityEat,qq1012,qq1012,qq1012,qq1012
activityCook,1,0.0,您是否能独立进行厨房活动（准备1-2人用的午餐：土豆削皮，切菜，烧肉，摆放餐桌，饭后抹桌子，洗碗）？,1.0,1.0,1.0,1.0,1.0,1.0,1.0,7.0,1.0,activityCook,activityCook,activityCook,qq1013,qq1013,qq1013,qq1013
activityTransport,1,0.0,您是否能独立使用公共交通（乘坐居住区内的公共电车、汽车、火车、轮船，包括去车站、从车站回来、上下车船、车船内的转移、买票和找座位）？,1.0,1.0,1.0,1.0,1.0,1.0,1.0,7.0,1.0,activityTransport,activityTransport,activityTransport,qq1014,qq1014,qq1014,qq1014
activityShopping,1,0.0,您是否能独立购物（在当地商店和购物中心购物，包括与购物有关的活动，如进出商场、挑选商品、付款、将物品带回家）？,1.0,1.0,1.0,1.0,1.0,1.0,1.0,7.0,1.0,activityShopping,activityShopping,activityShopping,qq1015,qq1015,qq1015,qq1015
activityClean,1,0.0,您是否能独立清洁卫生（收拾床铺、日常清洁、拖浴室地板、使用吸尘器、换被单、抹窗、倒垃圾）？,1.0,1.0,1.0,1.0,1.0,1.0,1.0,7.0,1.0,activityClean,activityClean,activityClean,qq1016,qq1016,qq1016,qq1016
activityWash,1,0.0,您是否能独立洗衣（包括洗衣的全过程：在洗衣房里或用自己的洗衣设备洗被单和衣服、衣服分类、选择洗衣程序、操作洗衣机、放进和取出衣服、晾干衣服、折叠和整理洗好的干衣服）？,1.0,1.0,1.0,1.0,1.0,1.0,1.0,7.0,1.0,activityWash,activityWash,activityWash,qq1017,qq1017,qq1017,qq1017
smokeHistory,1,0.0,您是否曾经吸烟？,1.0,1.0,1.0,1.0,1.0,1.0,1.0,7.0,1.0,qq211,qq204,qq204,qq204,qq204,qq204,qq204
drinkHistory,1,0.0,您过去常喝酒吗？,1.0,1.0,0.0,0.0,0.0,0.0,0.0,2.0,0.0,qq311,qq305,,,,,
workLifeBalance,1,0.0,您的生活是否有工作日及休息日的区分？,0.0,0.0,0.0,0.0,0.0,1.0,1.0,2.0,0.0,,,,,,qq400,qq400
nap,1,0.0,您现在是否有午睡习惯？,1.0,1.0,1.0,1.0,1.0,1.0,1.0,7.0,1.0,qq4,qq401,qq401,qq401,qq401,qq401,qq401
memory,1,0.0,您能记住1周内发生在您身上的主要事情吗？,1.0,1.0,1.0,1.0,1.0,1.0,1.0,7.0,1.0,qq5,qq501,qq501,qq501,qq501,qq501,qq501
health14,1,0.0,您认为自己14岁以前的健康状况如何？,0.0,0.0,0.0,0.0,0.0,1.0,1.0,2.0,0.0,,,,,,qv01,qv01
leadership14,1,0.0,在您14岁时，当与其他孩子一起玩耍时，大多数时候大家都听你的吗？,0.0,0.0,0.0,0.0,0.0,1.0,1.0,2.0,0.0,,,,,,qv02,qv02
curiosity14,1,0.0,您多大程度上同意以下说法：14岁的我好奇且有探索精神，喜欢新的经历？,0.0,0.0,0.0,0.0,0.0,1.0,1.0,2.0,0.0,,,,,,qv03,qv03
status14,1,0.0,在您14岁时，您家在当地的社会地位能打几分？,0.0,0.0,0.0,0.0,0.0,1.0,1.0,2.0,0.0,,,,,,qv04,qv04
marriage,1,0.0,当前您是否处于在婚状态（有配偶）中？,1.0,1.0,1.0,1.0,1.0,1.0,1.0,7.0,1.0,qe1,qe104,qea0,qea0,qea0,qea0,qea0
panel_weight,1,,截面权数,,,,,,,,,,,,,,rswt_natcs18n,,
longitudinal_weight,1,,追踪权数,,,,,,,,,,,,,,rswt_natpn1018n,,
